Year,Score,CAR,RI,SE,ST-CHE,ST-ECO,ST-ENG,ST-ENV,ST-LIF,ST-MAT,ST-PHY,ST-SOC,GF-CHE,GF-ECO,GF-ENG,GF-ENV,GF-LIF,GF-MAT,GF-PHY,GF-SOC
2018,100,0.00,0.00,0.00,0.00,0.00,0.55,0.33,0.00,0.00,0.00,0.06,0.00,0.00,0.00,0.00,0.00,0.00,0.00,0.00
2018,99,0.47,0.17,0.59,0.00,0.00,0.55,0.54,0.28,0.00,0.00,0.55,0.00,0.00,1.12,1.67,0.00,0.00,1.09,0.00
2018,98,1.65,1.35,1.18,0.95,0.00,1.66,0.76,1.40,0.52,0.35,1.16,0.00,0.00,2.25,5.00,1.15,0.00,1.09,2.43
2018,97,3.07,2.36,1.47,2.08,1.97,3.22,1.41,2.96,2.06,1.06,2.26,3.23,0.00,4.49,6.67,2.87,0.00,2.17,4.05
2018,96,4.73,5.90,2.35,3.98,2.63,5.11,3.90,5.48,3.09,2.13,4.15,8.06,0.00,8.99,10.00,7.47,0.00,5.43,4.86
2018,95,6.86,10.62,2.94,6.06,3.29,7.10,6.83,8.72,4.64,3.42,6.66,9.68,8.70,11.24,13.33,9.20,7.14,7.61,6.88
2018,94,10.17,14.33,3.53,8.81,3.29,9.43,8.99,11.79,8.25,5.08,8.98,14.52,8.70,13.48,15.00,11.49,14.29,7.61,11.34
2018,93,12.29,17.37,5.00,12.03,3.95,12.32,11.27,14.92,10.82,7.44,11.61,16.13,21.74,15.73,19.17,14.37,14.29,11.96,13.36
2018,92,16.55,21.08,6.18,15.81,5.26,15.21,14.19,17.94,14.95,9.56,14.17,22.58,21.74,16.85,20.83,17.82,21.43,16.30,16.60
2018,91,18.20,23.10,8.53,18.94,7.24,17.87,18.96,21.46,18.56,12.40,16.62,27.42,21.74,17.98,23.33,22.99,21.43,17.39,19.84
2018,90,20.80,27.99,10.00,22.92,8.55,21.31,22.10,25.10,22.68,16.53,19.24,29.03,26.09,22.47,25.83,26.44,21.43,22.83,23.48
2018,89,23.64,32.21,10.88,25.66,14.47,24.97,25.35,29.29,25.77,21.49,21.62,41.94,26.09,25.84,26.67,29.89,21.43,25.00,25.91
2018,88,26.71,34.91,13.24,30.11,18.42,28.19,29.58,33.65,29.38,25.86,24.62,43.55,30.43,30.34,30.83,34.48,21.43,32.61,29.96
2018,87,30.73,39.12,15.59,35.23,20.39,30.97,33.59,37.17,32.47,29.16,27.55,48.39,39.13,35.96,33.33,38.51,28.57,35.87,33.60
2018,86,33.33,42.50,17.35,38.64,25.00,34.18,37.81,41.36,37.11,32.35,30.36,48.39,39.13,39.33,40.00,41.38,42.86,38.04,37.25
2018,85,35.70,46.37,18.53,42.61,26.97,36.51,40.09,44.83,39.69,35.30,33.29,56.45,47.83,41.57,47.50,45.98,42.86,41.30,39.68
2018,84,39.24,50.93,19.41,45.64,29.61,39.84,43.23,48.63,41.75,39.43,35.68,58.06,47.83,46.07,50.00,50.00,42.86,44.57,42.91
2018,83,41.37,54.30,22.35,49.81,34.87,43.73,46.80,52.82,42.78,43.45,38.73,59.68,47.83,49.44,52.50,54.02,42.86,47.83,44.53
2018,82,44.68,57.67,24.12,52.37,40.13,46.28,51.14,55.95,46.91,46.87,41.91,62.90,52.17,53.93,56.67,56.90,50.00,53.26,47.37
2018,81,49.17,59.70,25.00,55.30,41.45,49.17,53.74,59.47,50.00,51.59,44.72,62.90,56.52,57.30,60.00,60.92,50.00,57.61,49.39
2018,80,52.48,64.76,27.06,59.00,43.42,52.39,57.31,62.21,55.67,54.31,48.01,62.90,56.52,61.80,64.17,64.37,50.00,59.78,52.63
2018,79,55.79,67.45,30.29,62.31,47.37,55.27,60.35,64.51,58.25,58.21,50.82,67.74,60.87,64.04,65.00,65.52,50.00,61.96,57.09
2018,78,59.34,69.31,32.35,65.15,50.66,57.94,63.81,67.08,60.82,61.04,53.63,67.74,60.87,66.29,65.83,67.24,50.00,66.30,59.51
2018,77,61.23,71.33,35.59,68.18,51.97,59.93,66.74,69.48,65.46,64.82,56.81,70.97,60.87,67.42,70.00,72.41,50.00,70.65,61.13
2018,76,62.65,73.52,37.94,71.40,53.29,62.04,69.01,72.05,68.56,68.00,59.25,70.97,60.87,69.66,72.50,75.29,50.00,76.09,63.97
2018,75,65.25,76.05,39.71,73.96,53.29,64.59,71.07,74.29,72.16,70.72,61.82,70.97,69.57,73.03,73.33,77.59,57.14,78.26,65.99
2018,74,67.14,78.08,41.76,76.42,55.26,67.04,73.02,76.08,74.23,72.85,64.32,77.42,73.91,73.03,75.83,78.74,57.14,79.35,68.83
2018,73,68.09,80.61,44.41,78.22,58.55,68.81,74.65,78.20,76.29,75.09,66.46,80.65,73.91,74.16,77.50,81.03,57.14,79.35,70.85
2018,72,68.32,83.14,46.18,79.55,59.87,71.25,77.03,79.65,77.32,77.10,68.48,83.87,78.26,75.28,78.33,84.48,71.43,80.43,72.06
2018,71,69.98,84.49,50.00,80.78,63.16,73.25,78.66,81.72,79.38,79.81,70.43,87.10,78.26,77.53,78.33,87.36,71.43,82.61,74.90
2018,70,72.58,85.83,53.82,83.05,66.45,75.58,80.72,83.57,83.51,82.05,72.27,90.32,78.26,80.90,80.83,87.36,78.57,83.70,75.30
2019,100,0.23,0.31,0.00,0.00,0.60,0.21,0.35,0.29,0.00,0.11,0.23,0.00,0.00,0.00,0.00,0.68,0.00,0.00,0.63
2019,99,0.45,1.24,0.00,0.38,1.19,0.74,0.82,0.80,0.55,0.11,0.75,1.72,0.00,1.14,1.68,2.03,0.00,0.00,1.27
2019,98,1.82,3.40,0.00,1.13,2.38,1.47,1.52,1.83,1.10,0.67,1.95,1.72,0.00,1.14,3.36,3.38,0.00,0.00,2.85
2019,97,2.95,4.95,2.04,2.36,2.98,2.52,2.57,3.19,1.10,1.57,3.68,3.45,0.00,1.14,4.20,4.73,0.00,0.00,5.38
2019,96,4.77,8.66,2.55,4.52,4.17,4.63,4.56,5.02,2.21,3.25,5.34,5.17,0.00,4.55,6.72,6.08,0.00,1.35,7.28
2019,95,6.82,12.36,5.10,6.50,4.76,6.52,7.83,7.59,2.76,5.61,7.41,8.62,0.00,5.68,7.56,10.81,0.00,4.05,10.44
2019,94,9.09,17.31,6.12,8.67,6.55,8.52,11.45,10.33,4.97,7.29,10.06,17.24,0.00,10.23,12.61,16.22,20.00,4.05,13.92
2019,93,11.59,20.56,7.14,11.88,10.12,11.04,14.60,12.89,6.63,9.87,13.16,18.97,0.00,10.23,15.97,20.27,30.00,10.81,17.72
2019,92,13.86,24.11,7.65,15.08,13.10,15.04,16.94,16.26,9.39,12.11,15.98,25.86,18.18,13.64,19.33,21.62,30.00,10.81,19.94
2019,91,16.59,26.58,10.71,18.85,14.88,19.03,20.68,19.68,14.36,15.13,17.87,32.76,18.18,19.32,26.89,25.00,30.00,13.51,22.15
2019,90,18.86,28.90,12.24,22.34,17.26,21.35,24.65,22.88,17.13,18.50,20.11,39.66,18.18,23.86,27.73,25.00,40.00,16.22,25.95
2019,89,20.91,30.91,14.80,25.16,19.64,25.24,27.45,25.84,19.34,21.75,22.01,39.66,36.36,29.55,29.41,28.38,40.00,20.27,29.11
2019,88,23.86,34.00,16.84,29.03,21.43,28.29,31.19,28.75,25.41,26.01,24.89,43.10,36.36,30.68,30.25,32.43,40.00,22.97,31.65
2019,87,25.45,38.33,18.88,32.42,24.40,31.02,34.23,31.83,29.28,29.60,27.01,43.10,36.36,34.09,31.93,37.16,50.00,22.97,33.54
2019,86,28.64,41.73,19.90,36.48,24.40,33.65,37.38,35.48,32.60,33.74,30.11,43.10,36.36,38.64,32.77,39.86,50.00,29.73,38.29
2019,85,30.68,44.82,21.94,41.19,25.60,36.17,41.00,38.45,39.78,37.00,33.33,44.83,45.45,38.64,38.66,43.92,50.00,37.84,41.46
2019,84,34.09,48.07,22.96,44.30,29.17,40.06,43.46,41.36,44.20,40.70,35.63,50.00,54.55,45.45,44.54,47.97,50.00,43.24,43.99
2019,83,37.50,51.78,25.51,47.88,34.52,42.69,46.14,45.35,47.51,43.72,38.10,56.90,54.55,46.59,49.58,50.00,50.00,44.59,46.52
2019,82,40.23,55.02,27.55,51.46,36.90,45.95,49.18,49.06,49.17,47.09,41.15,60.34,54.55,47.73,54.62,52.03,60.00,47.30,48.42
2019,81,42.73,57.34,29.59,54.76,38.69,48.90,53.86,52.37,51.93,51.46,44.14,63.79,54.55,50.00,60.50,54.05,60.00,54.05,52.85
2019,80,45.68,60.74,32.65,56.93,41.07,51.52,56.43,56.19,56.35,54.60,47.36,67.24,54.55,53.41,65.55,58.11,70.00,56.76,56.33
2019,79,50.00,64.45,34.18,59.94,44.05,54.36,59.23,59.33,57.46,59.08,50.29,70.69,54.55,55.68,68.07,62.16,70.00,58.11,59.81
2019,78,53.18,70.02,36.73,62.58,45.24,57.52,61.68,62.46,60.77,63.12,53.16,74.14,63.64,59.09,72.27,64.86,70.00,60.81,62.03
2019,77,55.91,72.33,39.80,65.50,47.02,59.62,64.02,65.54,62.98,66.59,55.75,74.14,72.73,61.36,74.79,66.22,70.00,62.16,63.29
2019,76,58.64,74.50,42.35,68.43,50.60,63.09,66.47,67.83,64.64,68.50,57.18,74.14,72.73,65.91,74.79,68.24,70.00,63.51,65.51
2019,75,61.59,76.20,45.41,70.50,55.36,66.04,69.98,69.99,66.30,71.41,59.48,74.14,81.82,71.59,78.15,70.95,70.00,68.92,68.99
2019,74,63.86,78.83,48.98,73.14,56.55,68.35,72.43,72.96,67.96,73.77,61.38,75.86,81.82,73.86,79.83,72.97,70.00,70.27,70.89
2019,73,66.14,80.68,52.04,75.12,57.74,70.35,75.12,74.96,69.61,75.56,63.62,77.59,81.82,73.86,84.87,75.68,70.00,75.68,72.15
2019,72,67.73,82.38,55.61,76.72,58.93,71.50,77.22,76.10,71.82,78.81,65.92,79.31,81.82,75.00,84.87,77.70,70.00,77.03,74.68
2019,71,69.55,83.46,59.18,79.08,61.31,74.03,78.86,77.98,74.03,80.38,68.33,84.48,81.82,76.14,84.87,78.38,70.00,79.73,75.32
2019,70,71.36,84.70,62.76,80.77,61.90,75.81,81.07,79.35,75.69,82.51,70.57,87.93,90.91,77.27,86.55,79.05,80.00,81.08,77.22
2020,100,0.00,0.14,0.43,0.16,0.57,0.25,0.29,0.41,0.00,0.00,0.29,0.00,0.00,1.83,0.00,0.00,0.00,0.00,0.25
2020,99,0.16,1.13,1.30,0.24,1.14,0.76,1.05,0.98,0.00,0.30,0.95,1.61,6.25,1.83,1.39,2.19,0.00,0.00,0.25
2020,98,1.11,3.68,2.61,1.46,4.00,1.68,2.09,3.47,1.55,1.51,2.85,3.23,12.50,6.42,2.08,5.11,0.00,2.82,1.77
2020,97,2.53,5.09,3.04,2.93,6.86,2.95,4.75,5.70,2.06,2.52,3.90,4.84,12.50,7.34,5.56,8.03,0.00,8.45,2.78
2020,96,4.43,8.06,6.52,4.55,9.14,5.64,6.37,8.14,5.67,3.93,5.94,8.06,12.50,9.17,10.42,8.76,8.33,8.45,5.05
2020,95,6.01,12.31,8.70,7.56,13.14,9.60,8.94,11.30,7.73,5.64,8.12,8.06,18.75,11.93,13.89,8.76,16.67,11.27,8.59
2020,94,7.91,15.84,10.43,9.76,13.71,12.37,11.31,14.46,10.82,7.75,11.16,11.29,18.75,14.68,15.97,9.49,16.67,12.68,12.12
2020,93,9.81,18.10,13.04,12.44,14.86,15.07,14.92,17.68,14.43,11.18,13.78,12.90,25.00,21.10,18.06,13.14,25.00,18.31,14.39
2020,92,13.13,21.78,15.65,15.12,18.86,17.76,18.54,19.85,19.07,14.70,16.25,16.13,25.00,26.61,20.83,15.33,25.00,26.76,16.92
2020,91,16.61,26.03,18.26,18.94,20.57,21.97,22.24,22.50,19.59,17.42,19.57,20.97,25.00,31.19,25.00,21.17,25.00,29.58,21.21
2020,90,18.83,30.27,20.87,22.85,22.86,25.59,25.67,25.51,21.65,20.44,22.33,22.58,31.25,37.61,28.47,27.01,25.00,30.99,24.75
2020,89,22.15,33.95,21.30,25.85,27.43,28.96,29.75,28.82,26.29,24.17,25.46,30.65,31.25,40.37,31.25,33.58,33.33,38.03,26.77
2020,88,24.05,39.32,24.78,30.33,29.14,32.07,32.70,31.73,31.44,28.70,28.36,32.26,31.25,43.12,36.11,37.96,50.00,40.85,29.55
2020,87,26.42,43.00,26.96,33.74,30.86,35.52,35.08,35.10,33.51,32.73,30.40,38.71,37.50,47.71,40.97,40.88,50.00,45.07,32.58
2020,86,29.43,47.52,28.70,37.32,32.00,38.05,38.21,38.31,37.63,38.07,33.06,46.77,37.50,47.71,43.75,45.26,50.00,49.30,35.10
2020,85,31.65,51.06,30.87,40.16,34.29,41.33,41.06,41.01,40.72,42.30,35.63,50.00,37.50,49.54,51.39,48.18,50.00,50.70,38.64
2020,84,34.49,54.88,33.91,43.82,36.57,44.53,46.20,44.69,46.39,45.12,38.24,54.84,37.50,53.21,53.47,48.91,50.00,53.52,41.16
2020,83,36.39,57.14,36.09,46.50,37.14,46.97,50.29,49.20,48.97,49.75,41.09,58.06,43.75,55.05,56.94,49.64,50.00,57.75,42.68
2020,82,39.87,60.68,39.57,50.89,39.43,50.17,53.71,52.20,52.06,52.87,44.23,62.90,56.25,55.96,63.19,51.82,58.33,59.15,44.95
2020,81,42.56,63.51,43.91,55.04,40.57,52.53,56.46,55.05,60.31,55.99,46.51,66.13,56.25,58.72,65.97,57.66,66.67,61.97,48.48
2020,80,44.94,66.34,47.83,58.54,42.29,56.06,60.27,57.80,61.86,59.52,49.12,70.97,56.25,56.25,68.06,62.04,66.67,71.83,51.26
2020,79,48.10,69.17,51.74,61.54,44.57,58.25,63.31,60.86,65.46,63.34,51.59,74.19,56.25,65.14,68.75,65.69,66.67,64.79,53.28
2020,78,50.63,70.86,56.09,64.63,50.86,60.69,65.49,63.56,68.04,65.76,54.25,79.03,56.25,66.97,70.83,68.61,66.67,71.83,55.56
2020,77,53.48,73.27,57.83,67.40,52.57,62.79,67.59,66.51,69.07,67.98,57.01,83.87,56.25,68.81,75.00,70.80,75.00,74.65,57.83
2020,76,56.65,76.10,60.43,70.16,54.29,65.32,70.06,69.26,71.13,71.20,59.57,87.10,56.25,70.64,77.78,72.99,75.00,80.28,60.10
2020,75,59.34,77.37,63.04,72.44,56.00,67.42,71.58,71.59,73.20,75.23,62.14,88.71,56.25,75.23,80.56,73.72,75.00,80.28,62.88
2020,74,61.55,78.78,64.78,74.07,58.86,69.78,74.05,73.77,74.74,77.14,63.71,90.32,56.25,77.06,82.64,75.91,83.33,81.69,64.65
2020,73,63.29,81.47,68.26,76.02,60.00,71.30,75.95,75.48,77.84,79.15,65.84,91.94,62.50,79.82,83.33,76.64,83.33,83.10,67.17
2020,72,65.82,82.89,68.70,78.70,63.43,73.06,77.66,77.66,78.87,79.96,67.51,91.94,68.75,79.82,83.33,78.83,83.33,83.10,69.95
2020,71,67.88,83.59,70.87,80.73,65.14,74.58,79.75,79.52,79.90,81.77,69.83,93.55,75.00,82.57,84.72,78.83,91.67,84.51,71.97
2020,70,69.94,85.01,72.61,82.60,66.86,76.01,80.99,81.44,82.47,84.79,71.59,93.55,75.00,84.40,85.42,81.02,91.67,85.92,72.73
2021,100,,,,0.38,0.00,1.05,0.56,0.66,1.84,0.12,0.92,1.54,0.00,1.43,0.84,0.00,0.00,0.00,0.58
2021,99,,,,1.41,0.00,1.43,1.34,1.50,3.68,0.71,1.91,1.54,0.00,2.86,3.36,2.52,0.00,1.45,2.03
2021,98,,,,3.39,0.81,3.23,3.01,3.95,4.29,2.01,3.88,1.54,0.00,8.57,7.56,5.04,7.69,1.45,4.36
2021,97,,,,5.08,3.25,4.75,5.47,6.22,7.36,2.72,5.79,3.08,0.00,10.00,9.24,10.08,7.69,2.90,6.40
2021,96,,,,7.53,6.50,6.75,7.25,9.15,8.59,4.13,8.25,6.15,0.00,14.29,14.29,15.13,7.69,2.90,9.30
2021,95,,,,9.23,6.50,9.32,9.82,11.96,9.20,6.73,10.65,6.15,0.00,15.71,21.85,18.49,7.69,7.25,11.34
2021,94,,,,11.02,8.13,11.60,12.61,15.31,9.82,9.21,12.87,7.69,0.00,18.57,25.21,21.85,7.69,17.39,13.95
2021,93,,,,13.65,10.57,13.50,16.07,19.08,12.88,11.92,15.83,13.85,0.00,24.29,27.73,26.89,7.69,23.19,15.99
2021,92,,,,16.10,15.45,15.68,19.98,22.13,15.34,14.76,18.90,16.92,11.11,30.00,31.93,31.09,15.38,27.54,17.44
2021,91,,,,18.83,16.26,18.54,23.44,24.58,17.79,18.06,21.80,24.62,11.11,32.86,33.61,32.77,15.38,36.23,21.22
2021,90,,,,20.90,16.26,20.44,27.34,27.63,22.70,21.61,23.95,30.77,11.11,37.14,36.13,35.29,15.38,43.48,22.67
2021,89,,,,23.73,17.89,22.43,29.91,31.04,28.22,25.62,26.29,33.85,11.11,38.57,39.50,39.50,15.38,46.38,25.87
2021,88,,,,26.18,18.70,24.81,32.48,33.79,29.45,29.16,28.45,36.92,11.11,40.00,42.86,43.70,23.08,50.72,29.07
2021,87,,,,28.15,23.58,27.47,35.94,36.78,32.52,32.35,30.85,38.46,11.11,41.43,46.22,44.54,30.77,50.72,31.10
2021,86,,,,31.73,25.20,30.42,39.17,39.29,36.20,34.12,32.82,40.00,11.11,45.71,51.26,45.38,38.46,52.17,32.56
2021,85,,,,34.46,27.64,32.70,41.52,41.93,38.65,38.72,34.85,44.62,11.11,48.57,53.78,47.90,53.85,60.87,35.76
2021,84,,,,37.29,31.71,34.89,44.08,45.16,42.94,42.15,37.32,50.77,11.11,51.43,57.98,49.58,53.85,62.32,37.21
2021,83,,,,40.30,33.33,36.88,45.76,47.73,45.40,45.57,39.66,52.31,22.22,55.71,60.50,52.94,53.85,66.67,40.12
2021,82,,,,44.16,36.59,39.26,49.55,50.30,47.85,49.23,42.36,56.92,22.22,57.14,64.71,54.62,61.54,66.67,43.60
2021,81,,,,46.89,39.84,42.21,53.46,53.23,53.99,52.54,45.38,60.00,22.22,57.14,66.39,62.18,61.54,68.12,46.80
2021,80,,,,49.62,44.72,43.82,56.81,55.68,55.21,55.73,47.17,60.00,33.33,58.57,68.91,68.07,61.54,72.46,49.13
2021,79,,,,52.92,47.15,47.15,58.26,58.37,59.51,58.80,49.88,60.00,44.44,62.86,70.59,69.75,61.54,73.91,50.87
2021,78,,,,56.03,49.59,48.95,60.83,61.18,61.96,61.39,52.22,60.00,55.56,64.29,73.11,70.59,76.92,75.36,53.20
2021,77,,,,59.23,52.03,50.86,62.72,64.35,66.26,64.58,54.68,63.08,55.56,67.14,77.31,73.95,76.92,79.71,55.52
2021,76,,,,62.24,54.47,52.95,64.73,67.17,67.48,66.71,56.65,64.62,55.56,71.43,79.83,75.63,76.92,81.16,57.56
2021,75,,,,63.75,56.10,55.13,66.74,69.20,71.78,68.71,59.11,64.62,55.56,72.86,80.67,76.47,84.62,82.61,59.59
2021,74,,,,65.82,59.35,57.32,67.86,70.93,73.01,70.96,60.78,69.23,55.56,74.29,82.35,77.31,84.62,82.61,61.34
2021,73,,,,67.89,61.79,59.41,69.08,72.19,67.48,73.67,62.68,70.77,55.56,78.57,83.19,79.83,84.62,84.06,63.08
2021,72,,,,69.77,62.60,61.69,70.76,73.86,76.07,75.80,64.22,72.31,66.67,80.00,83.19,81.51,84.62,86.96,65.70
2021,71,,,,71.94,65.85,63.78,72.21,75.42,77.91,77.69,65.52,75.38,66.67,81.43,84.87,84.03,84.62,88.41,66.28
2021,70,,,,74.11,68.29,65.40,74.44,77.27,79.75,79.46,67.67,76.92,66.67,82.86,87.39,85.71,84.62,88.41,69.77
2022,100,,,,0.20,0.00,0.49,0.64,0.67,0.66,0.37,0.53,0.00,0.00,0.00,1.18,0.00,0.00,0.00,0.35
2022,99,,,,1.02,0.81,1.18,1.29,1.14,1.97,0.99,1.48,2.38,0.00,0.00,4.71,0.97,0.00,0.00,1.05
2022,98,,,,2.55,1.63,2.36,2.45,2.88,2.63,1.74,2.42,4.76,0.00,1.22,5.88,0.97,9.09,3.51,1.40
2022,97,,,,3.98,2.44,4.12,4.63,4.49,3.29,2.85,3.66,7.14,0.00,4.88,8.24,2.91,9.09,5.26,2.11
2022,96,,,,6.22,3.25,6.57,6.44,7.17,4.61,4.71,5.84,9.52,9.09,8.54,10.59,3.88,9.09,5.26,4.21
2022,95,,,,8.37,4.88,9.03,8.62,10.46,6.58,7.06,8.44,14.29,9.09,9.76,11.76,4.85,9.09,7.02,6.32
2022,94,,,,10.51,5.69,11.78,12.10,14.21,8.55,10.16,11.87,16.67,9.09,13.41,15.29,5.83,9.09,10.53,7.72
2022,93,,,,13.06,7.32,14.52,15.19,18.16,11.18,13.51,15.53,19.05,9.09,17.07,21.18,7.77,18.18,17.54,9.47
2022,92,,,,16.12,10.57,16.88,19.43,21.72,18.42,17.84,20.25,23.81,18.18,21.95,24.71,14.56,27.27,24.56,14.74
2022,91,,,,20.31,13.82,20.71,23.29,25.40,21.05,22.43,24.20,28.57,18.18,24.39,29.41,21.36,27.27,31.58,18.95
2022,90,,,,23.47,17.89,24.44,27.67,29.62,24.34,27.01,28.28,35.71,27.27,30.49,34.12,27.18,27.27,40.35,23.16
2022,89,,,,27.24,21.95,27.97,31.27,33.11,28.29,30.48,32.70,38.10,36.36,36.59,41.18,32.04,36.36,47.37,26.67
2022,88,,,,31.43,23.58,31.40,35.78,36.19,30.92,34.20,36.13,40.48,45.45,39.02,45.88,35.92,36.36,49.12,30.88
2022,87,,,,35.31,28.46,35.13,37.97,39.48,34.21,37.05,39.20,42.86,45.45,45.12,49.41,43.69,45.45,52.63,33.68
2022,86,,,,38.37,31.71,37.88,40.80,42.43,37.50,39.41,41.62,47.62,54.55,48.78,54.12,45.63,54.55,56.14,36.49
2022,85,,,,42.14,36.59,40.53,44.14,45.64,39.47,43.12,44.27,52.38,54.55,51.22,57.65,49.51,54.55,61.40,40.35
2022,84,,,,45.71,39.84,43.77,46.59,48.39,42.11,46.10,46.81,54.76,54.55,54.88,60.00,53.40,63.64,64.91,42.81
2022,83,,,,48.98,42.28,46.52,49.42,51.21,46.05,48.33,49.35,54.76,63.64,58.54,61.18,57.28,63.64,66.67,45.61
2022,82,,,,51.94,45.53,49.46,51.74,53.82,48.68,51.05,51.95,57.14,63.64,60.98,63.53,63.11,63.64,70.18,48.42
2022,81,,,,55.41,48.78,52.01,55.08,56.43,51.32,53.53,54.25,59.52,63.64,63.41,65.88,65.05,63.64,71.93,51.58
2022,80,,,,58.06,52.03,55.35,58.04,59.58,55.26,56.38,56.43,61.90,72.73,67.07,70.59,70.87,72.73,73.68,55.09
2022,79,,,,61.33,56.10,57.80,60.10,62.13,57.89,59.60,59.03,64.29,72.73,69.51,71.76,71.84,72.73,77.19,57.19
2022,78,,,,63.78,58.54,60.26,62.93,64.14,59.87,61.96,61.04,66.67,72.73,71.95,74.12,72.82,72.73,77.19,59.65
2022,77,,,,65.41,60.98,62.41,64.99,66.82,63.16,64.68,63.52,69.05,72.73,75.61,74.12,75.73,72.73,78.95,62.11
2022,76,,,,67.96,64.23,65.46,67.31,69.24,66.45,67.66,65.64,71.43,72.73,75.61,77.65,76.70,72.73,80.70,64.56
2022,75,,,,70.31,65.04,67.62,69.37,71.25,68.42,70.63,68.06,76.19,72.73,78.05,81.18,78.64,72.73,84.21,66.32
2022,74,,,,72.04,67.48,69.48,71.69,73.19,69.74,72.61,70.07,78.57,81.82,79.27,81.18,81.55,81.82,85.96,67.72
2022,73,,,,73.88,69.92,71.15,73.62,75.20,71.05,74.35,71.49,78.57,81.82,80.49,82.35,82.52,81.82,85.96,69.12
2022,72,,,,75.51,71.54,72.52,75.80,77.21,73.03,76.58,73.26,78.57,81.82,81.71,83.53,83.50,81.82,87.72,70.18
2022,71,,,,76.94,73.17,73.90,77.35,79.09,75.66,78.44,74.85,80.95,81.82,82.93,85.88,84.47,81.82,87.72,71.58
2022,70,,,,78.37,74.80,75.76,79.15,80.43,77.63,79.55,76.51,83.33,81.82,84.15,87.06,84.47,81.82,89.47,72.63
2023,100,,,,0.47,1.65,1.18,1.33,1.46,0.00,0.25,1.52,0.00,0.00,0.00,1.19,2.31,0.00,0.00,3.02
2023,99,,,,1.02,1.65,1.87,2.13,3.17,0.63,1.24,2.97,0.00,0.00,0.00,4.76,3.08,0.00,3.95,5.04
2023,98,,,,3.91,2.48,4.63,5.87,6.67,3.13,3.47,6.77,5.26,0.00,4.11,15.48,6.15,0.00,7.89,8.56
2023,97,,,,6.33,4.13,6.89,8.93,8.44,3.75,4.83,9.56,10.53,12.50,8.22,19.05,10.00,11.11,7.89,12.34
2023,96,,,,8.47,4.96,9.74,12.93,11.56,5.63,6.81,12.22,12.28,25.00,13.70,27.38,14.62,11.11,10.53,16.88
2023,95,,,,10.34,8.26,12.30,16.80,14.48,6.25,10.27,15.00,21.05,37.50,21.92,28.57,20.00,11.11,15.79,19.40
2023,94,,,,13.31,9.09,15.55,19.33,17.65,10.00,13.24,17.66,26.32,37.50,23.29,38.10,23.08,11.11,19.74,24.69
2023,93,,,,15.92,9.92,18.60,22.13,19.75,13.13,15.47,20.19,29.82,37.50,28.77,39.29,27.69,11.11,26.32,27.46
2023,92,,,,19.18,10.74,21.46,25.07,22.60,18.13,19.55,23.16,29.82,37.50,35.62,42.86,29.23,11.11,31.58,29.97
2023,91,,,,21.97,12.40,24.02,28.00,26.41,20.00,23.64,24.87,33.33,37.50,42.47,45.24,32.31,11.11,34.21,33.00
2023,90,,,,25.79,14.05,26.87,31.07,29.40,24.38,26.36,27.28,35.09,50.00,46.58,45.24,35.38,11.11,36.84,35.26
2023,89,,,,28.49,16.53,29.92,33.33,31.87,26.88,28.47,29.68,36.84,62.50,49.32,46.43,42.31,22.22,42.11,38.29
2023,88,,,,31.38,16.53,33.86,34.93,34.98,29.38,31.31,32.03,45.61,75.00,57.53,46.43,44.62,33.33,48.68,40.55
2023,87,,,,34.45,17.36,35.73,38.53,38.29,35.63,35.15,33.92,49.12,75.00,61.64,48.81,48.46,33.33,52.63,42.82
2023,86,,,,37.24,19.83,37.70,41.47,41.71,37.50,37.75,37.03,50.88,75.00,64.38,52.38,52.31,33.33,56.58,45.09
2023,85,,,,40.22,21.49,39.86,44.00,44.83,41.88,41.34,40.06,57.89,75.00,65.75,54.76,56.15,33.33,59.21,47.86
2023,84,,,,43.48,23.14,43.31,46.67,47.75,43.13,44.18,42.22,61.40,75.00,72.60,54.76,57.69,33.33,61.84,51.13
2023,83,,,,46.37,25.62,46.46,50.27,50.67,45.63,48.02,44.56,64.91,75.00,73.97,57.14,60.00,33.33,63.16,53.65
2023,82,,,,48.88,32.23,48.92,51.73,53.84,48.75,51.61,46.84,66.67,75.00,73.97,60.71,61.54,44.44,64.47,56.17
2023,81,,,,51.68,33.88,51.67,53.73,56.06,50.00,53.96,48.42,66.67,75.00,76.71,64.29,63.85,44.44,68.42,57.93
2023,80,,,,54.28,38.02,54.72,56.27,59.05,53.13,56.06,51.08,70.18,75.00,80.82,69.05,67.69,44.44,72.37,59.45
2023,79,,,,57.82,40.50,56.50,58.93,62.29,57.50,59.03,52.91,73.68,75.00,82.19,72.62,70.00,44.44,73.68,62.97
2023,78,,,,60.71,42.15,58.07,60.67,65.71,60.63,60.77,55.32,75.44,75.00,82.19,72.62,70.77,44.44,77.63,65.24
2023,77,,,,62.76,44.63,59.84,62.53,67.87,61.88,63.37,57.85,75.44,75.00,86.30,73.81,73.08,55.56,78.95,66.25
2023,76,,,,65.18,46.28,62.01,65.07,70.41,64.38,65.59,60.82,75.44,75.00,86.30,77.38,75.38,55.56,81.58,68.26
2023,75,,,,67.41,47.11,63.98,67.73,72.44,65.63,67.33,62.66,75.44,75.00,86.30,78.57,77.69,66.67,84.21,69.27
2023,74,,,,69.65,49.59,65.85,69.60,74.03,66.25,68.94,64.75,77.19,75.00,87.67,80.95,77.69,66.67,85.53,69.77
2023,73,,,,71.79,52.07,67.52,71.60,76.63,66.88,71.04,66.27,78.95,75.00,87.67,80.95,80.77,77.78,86.84,71.03
2023,72,,,,73.56,53.72,69.09,73.20,77.90,69.38,72.90,67.59,78.95,75.00,89.04,84.52,80.77,77.78,86.84,72.80
2023,71,,,,74.67,57.02,69.98,75.47,79.68,71.25,75.12,69.11,80.70,75.00,89.04,86.90,83.85,77.78,88.16,75.31
2023,70,,,,77.28,58.68,72.24,76.27,81.46,73.75,77.23,70.82,80.70,75.00,90.41,88.10,84.62,77.78,88.16,76.32
2024,100,,,,1.05,0.62,2.05,1.76,1.53,1.02,0.29,1.73,1.67,0,3.67,1.87,0.7,0,2.73,2.75
2024,99,,,,1.89,1.23,2.76,3.73,2.95,1.02,0.68,3.19,1.67,0,7.34,5.61,1.4,0,3.64,4.36
2024,98,,,,4.69,3.09,6.03,7.87,6.1,3.06,2.33,6.69,6.67,0,11.01,8.41,4.9,0,7.27,10.09
2024,97,,,,6.3,3.7,9.29,9.94,8.34,4.59,4.17,9.26,6.67,0,13.76,12.15,9.09,0,10.91,13.53
2024,96,,,,8.61,6.17,12.05,13.87,11.7,6.63,6.2,11.96,8.33,0,16.51,14.95,16.08,0,14.55,17.43
2024,95,,,,12.11,8.64,15.51,17.49,15.06,10.71,9.3,14.64,16.67,0,20.18,19.63,24.48,10,17.27,21.1
2024,94,,,,15.83,10.49,18.14,20.81,18.01,12.76,11.72,17.73,25,0,24.77,23.36,26.57,10,21.82,23.39
2024,93,,,,18.56,13.58,20.06,24.74,21.57,14.29,14.24,20.08,35,6.67,28.44,26.17,30.77,10,25.45,25.69
2024,92,,,,21.29,17.28,22.63,28.36,25.69,16.33,17.64,23.17,38.33,20,33.94,32.71,35.66,20,28.18,27.52
2024,91,,,,24.37,21.6,25.83,30.95,28.38,19.9,19.67,25.78,40,20,35.78,34.58,39.86,30,32.73,31.19
2024,90,,,,28.08,25.31,29.04,34.89,31.84,23.47,23.16,27.51,48.33,26.67,40.37,40.19,41.96,40,40,34.17
2024,89,,,,32.07,26.54,31.67,37.78,35.86,26.02,25.97,29.92,51.67,33.33,42.2,42.06,44.76,60,45.45,36.47
2024,88,,,,35.22,26.54,35.45,40.89,39.22,28.57,29.84,32.11,60,33.33,44.95,45.79,49.65,60,49.09,40.6
2024,87,,,,37.89,28.4,38.4,44.1,42.68,30.61,32.75,34.83,63.33,33.33,48.62,57.01,51.75,70,53.64,44.27
2024,86,,,,41.88,30.25,40.96,46.27,45.68,31.63,36.43,37.08,70,33.33,52.29,58.88,57.34,70,59.09,47.71
2024,85,,,,45.24,33.33,44.42,50,48.88,36.22,39.92,39.33,71.67,33.33,55.05,61.68,60.84,70,64.55,51.61
2024,84,,,,47.69,34.57,47.18,53,51.27,39.8,43.8,42.15,73.33,33.33,57.8,64.49,62.94,70,66.36,54.13
2024,83,,,,51.4,38.89,49.42,55.8,54.22,41.84,47.38,45.08,73.33,40,60.55,68.22,65.03,70,69.09,55.96
2024,82,,,,53.57,40.74,51.47,58.39,56.97,45.41,50.87,47.7,75,46.67,63.3,71.03,67.83,70,71.82,59.4
2024,81,,,,56.23,41.98,53.27,61.28,59.36,48.98,53.78,49.74,76.67,46.67,63.3,74.77,69.93,70,75.45,62.16
2024,80,,,,59.45,43.21,55.77,63.56,62.51,51.02,56.49,52.14,76.67,53.33,65.14,77.57,72.73,90,76.36,64.68
2024,79,,,,61.34,45.06,57.56,65.22,64.34,53.57,59.01,54.45,80,60,67.89,82.24,72.73,90,77.27,66.51
2024,78,,,,63.24,46.3,59.94,66.77,66.58,56.12,61.34,56.96,81.67,60,68.81,84.11,76.22,90,79.09,68.12
2024,77,,,,65.2,49.38,62.69,69.25,68.62,58.67,64.73,59.26,83.33,66.67,71.56,86.92,78.32,90,82.73,70.64
2024,76,,,,67.3,51.85,64.55,71.22,70.5,59.69,67.64,60.88,88.33,66.67,73.39,86.92,80.42,100,86.36,72.94
2024,75,,,,69.96,54.32,66.35,73.29,72.33,63.27,70.74,62.55,88.33,66.67,74.31,87.85,82.52,100,86.36,75
2024,74,,,,72.13,55.56,68.08,75.98,74.01,65.31,73.35,64.12,91.67,66.67,75.23,88.79,84.62,100,89.09,75.92
2024,73,,,,73.74,56.17,69.81,77.12,76.04,66.84,75.1,65.9,91.67,66.67,75.23,89.72,84.62,100,90,77.75
2024,72,,,,75.14,58.64,71.67,78.88,77.77,68.88,77.13,67.78,91.67,66.67,77.98,89.72,86.71,100,92.73,78.67
2024,71,,,,76.54,61.73,73.21,79.81,79.5,70.41,79.75,70.14,91.67,66.67,77.98,90.65,88.81,100,93.64,80.28
2024,70,,,,78.57,64.2,75.19,81.68,81.23,71.43,82.36,71.71,91.67,73.33,77.98,92.52,90.91,100,93.64,81.19
2025,100,,,,0.21,0.00,0.11,0.35,0.45,1.22,0.06,0.25,0.00,0.00,0.00,0.00,0.00,0.00,0.00,0.75
2025,99,,,,0.81,0.81,1.08,1.00,1.75,3.35,1.62,1.00,5.97,0.00,0.78,0.90,1.04,0.00,2.80,2.08
2025,98,,,,2.80,2.03,3.84,3.88,4.16,5.18,4.61,2.68,10.45,6.67,2.33,5.41,3.11,0.00,6.54,5.66
2025,97,,,,7.20,4.47,8.47,8.57,8.52,10.98,9.65,6.86,14.93,6.67,11.63,16.22,7.25,12.50,13.08,9.43
2025,96,,,,12.03,6.10,13.60,13.80,13.39,16.16,14.86,11.19,23.88,6.67,17.83,26.13,12.95,18.75,22.43,14.72
2025,95,,,,17.25,9.76,20.53,19.91,19.57,21.65,21.63,15.74,26.87,6.67,24.03,30.63,20.73,25.00,32.71,20.00
2025,94,,,,22.33,11.79,26.85,26.01,25.59,28.05,27.62,19.92,34.33,6.67,32.56,35.14,27.98,25.00,40.19,24.34
2025,93,,,,28.09,13.01,33.17,31.88,31.15,33.23,33.91,24.50,43.28,13.33,37.21,44.14,33.68,37.50,47.66,30.38
2025,92,,,,33.05,16.26,39.45,39.28,37.38,38.72,40.14,29.36,47.76,20.00,42.64,48.65,37.31,50.00,55.14,37.17
2025,91,,,,39.03,19.11,44.47,43.98,43.20,45.12,45.42,33.48,50.75,20.00,44.96,51.35,44.56,62.50,61.68,42.08
2025,90,,,,44.45,22.76,50.39,49.15,48.84,48.78,51.47,38.00,56.72,20.00,51.94,54.05,49.22,62.50,66.36,48.49
2025,89,,,,50.42,26.42,55.78,54.43,54.01,53.66,57.88,42.05,59.70,26.67,57.36,61.26,57.51,68.75,71.03,52.08
2025,88,,,,54.58,31.30,61.06,58.84,59.09,57.01,61.83,46.57,67.16,26.67,63.57,66.67,61.66,68.75,73.83,56.42
2025,87,,,,58.81,34.96,65.04,63.12,63.57,59.76,65.79,50.47,68.66,26.67,73.64,71.17,64.25,75.00,77.57,59.62
2025,86,,,,63.47,41.06,68.23,67.35,67.22,66.16,69.80,54.40,73.13,46.67,75.97,74.77,67.36,75.00,80.37,63.40
2025,85,,,,67.20,47.15,72.04,70.11,71.17,69.82,72.86,58.10,73.13,60.00,81.40,78.38,72.54,81.25,84.11,67.17
2025,84,,,,71.06,52.03,74.84,73.58,74.20,73.78,75.79,61.69,74.63,66.67,82.95,80.18,76.68,81.25,85.98,70.75
2025,83,,,,74.19,54.47,77.64,76.98,76.69,75.30,79.45,64.87,79.10,66.67,87.60,81.08,78.24,87.50,87.85,74.91
2025,82,,,,77.88,58.13,80.04,79.62,79.63,78.35,82.03,67.64,82.09,73.33,87.60,83.78,81.35,87.50,90.65,78.30
2025,81,,,,80.76,61.79,82.16,81.86,82.04,81.10,84.36,70.48,85.07,73.33,90.70,86.49,82.90,87.50,90.65,80.00
2025,80,,,,82.92,65.45,84.49,83.79,84.32,82.93,86.58,73.41,85.07,73.33,91.47,89.19,84.97,87.50,91.59,82.45
2025,79,,,,84.70,69.51,86.22,85.44,86.22,84.76,88.38,75.81,88.06,73.33,93.02,90.09,87.05,87.50,93.46,84.34
2025,78,,,,86.44,71.95,87.76,86.44,87.77,85.67,90.23,78.21,91.04,73.33,93.02,91.89,88.08,87.50,93.46,86.79
2025,77,,,,88.18,73.17,89.12,88.61,88.81,87.80,91.07,80.39,91.04,73.33,93.80,91.89,89.12,93.75,94.39,87.92
2025,76,,,,89.49,74.39,90.06,89.90,90.05,89.02,92.33,82.14,94.03,80.00,95.35,93.69,91.71,93.75,94.39,89.06
2025,75,,,,91.10,76.83,91.31,90.96,90.94,89.94,93.35,84.01,95.52,86.67,95.35,93.69,92.75,93.75,94.39,90.00
2025,74,,,,92.20,78.46,92.00,92.19,91.89,90.85,94.19,85.63,97.01,86.67,95.35,93.69,93.78,93.75,94.39,91.32
2025,73,,,,92.92,80.08,93.00,92.95,92.99,91.77,94.73,86.81,98.51,86.67,95.35,96.40,93.78,93.75,95.33,92.64
2025,72,,,,93.64,81.71,93.58,93.78,94.15,92.07,95.45,87.75,98.51,93.33,95.35,96.40,93.78,93.75,95.33,93.40
2025,71,,,,94.28,83.74,94.22,94.36,94.63,93.60,95.99,88.97,98.51,93.33,97.67,96.40,95.34,100.00,95.33,94.34
2025,70,,,,95.13,84.96,94.83,94.60,95.22,93.60,96.52,89.93,98.51,100.00,97.67,96.40,95.85,100.00,95.33,94.72